Workbook

Sheet Close_Control
A1: Monthly Close & Reconciliation
A2: Internal working file | supporting analysis | approval is evidenced separately
A4: Close file field | B4: Value
A5: Organization | B5: {{organization_name}}
A6: Close period | B6: {{close_period_end}}
A7: Prepared by role | B7: {{preparer_role}}
A8: Reviewed by role | B8: {{reviewer_role}}
A9: File status | B9: Working
A11: Close control | B11: Status | C11: Evidence reference
A12: Source population loaded | B12: Not started
A13: Account mapping reviewed | B13: Not started
A14: Reconciliation exceptions dispositioned | B14: Not started
A15: Proposed entries balanced | B15: Not started
A16: Controller review completed | B16: Not started

Sheet Source_Data
A1: Source Data
A2: Paste or generate authorized transaction-level rows. Do not place conclusions in this source-system layer.
A4: Source Row ID | B4: Entity Code | C4: Account Code | D4: Transaction Date | E4: Description | F4: Debit | G4: Credit | H4: Status Code

Sheet Account_Map
A1: Account Mapping
A2: Map source codes to the reporting structure. Mapping fields are inputs, not inferred authority.
A4: Account Code | B4: Account Name | C4: Statement Group | D4: Reconciliation Owner Role | E4: Active?

Sheet Reconciliation
A1: Reconciliation
A2: Formula-driven comparison of source activity and ledger balance by mapped account.
A4: Account Code | B4: Account Name | C4: Source Net | D4: Ledger Balance | E4: Difference | F4: Threshold | G4: Status | H4: Explanation / Action
C5: =IF(A5="","",SUMIFS(Source_Data!$F$5:$F$29,Source_Data!$C$5:$C$29,A5)-SUMIFS(Source_Data!$G$5:$G$29,Source_Data!$C$5:$C$29,A5)) | E5: =IF(A5="","",C5-D5) | G5: =IF(A5="","",IF(OR(D5="",F5=""),"NOT READY",IF(ABS(E5)<=F5,"PASS","REVIEW")))
C6: =IF(A6="","",SUMIFS(Source_Data!$F$5:$F$29,Source_Data!$C$5:$C$29,A6)-SUMIFS(Source_Data!$G$5:$G$29,Source_Data!$C$5:$C$29,A6)) | E6: =IF(A6="","",C6-D6) | G6: =IF(A6="","",IF(OR(D6="",F6=""),"NOT READY",IF(ABS(E6)<=F6,"PASS","REVIEW")))
C7: =IF(A7="","",SUMIFS(Source_Data!$F$5:$F$29,Source_Data!$C$5:$C$29,A7)-SUMIFS(Source_Data!$G$5:$G$29,Source_Data!$C$5:$C$29,A7)) | E7: =IF(A7="","",C7-D7) | G7: =IF(A7="","",IF(OR(D7="",F7=""),"NOT READY",IF(ABS(E7)<=F7,"PASS","REVIEW")))
C8: =IF(A8="","",SUMIFS(Source_Data!$F$5:$F$29,Source_Data!$C$5:$C$29,A8)-SUMIFS(Source_Data!$G$5:$G$29,Source_Data!$C$5:$C$29,A8)) | E8: =IF(A8="","",C8-D8) | G8: =IF(A8="","",IF(OR(D8="",F8=""),"NOT READY",IF(ABS(E8)<=F8,"PASS","REVIEW")))
C9: =IF(A9="","",SUMIFS(Source_Data!$F$5:$F$29,Source_Data!$C$5:$C$29,A9)-SUMIFS(Source_Data!$G$5:$G$29,Source_Data!$C$5:$C$29,A9)) | E9: =IF(A9="","",C9-D9) | G9: =IF(A9="","",IF(OR(D9="",F9=""),"NOT READY",IF(ABS(E9)<=F9,"PASS","REVIEW")))
C10: =IF(A10="","",SUMIFS(Source_Data!$F$5:$F$29,Source_Data!$C$5:$C$29,A10)-SUMIFS(Source_Data!$G$5:$G$29,Source_Data!$C$5:$C$29,A10)) | E10: =IF(A10="","",C10-D10) | G10: =IF(A10="","",IF(OR(D10="",F10=""),"NOT READY",IF(ABS(E10)<=F10,"PASS","REVIEW")))
C11: =IF(A11="","",SUMIFS(Source_Data!$F$5:$F$29,Source_Data!$C$5:$C$29,A11)-SUMIFS(Source_Data!$G$5:$G$29,Source_Data!$C$5:$C$29,A11)) | E11: =IF(A11="","",C11-D11) | G11: =IF(A11="","",IF(OR(D11="",F11=""),"NOT READY",IF(ABS(E11)<=F11,"PASS","REVIEW")))
C12: =IF(A12="","",SUMIFS(Source_Data!$F$5:$F$29,Source_Data!$C$5:$C$29,A12)-SUMIFS(Source_Data!$G$5:$G$29,Source_Data!$C$5:$C$29,A12)) | E12: =IF(A12="","",C12-D12) | G12: =IF(A12="","",IF(OR(D12="",F12=""),"NOT READY",IF(ABS(E12)<=F12,"PASS","REVIEW")))
C13: =IF(A13="","",SUMIFS(Source_Data!$F$5:$F$29,Source_Data!$C$5:$C$29,A13)-SUMIFS(Source_Data!$G$5:$G$29,Source_Data!$C$5:$C$29,A13)) | E13: =IF(A13="","",C13-D13) | G13: =IF(A13="","",IF(OR(D13="",F13=""),"NOT READY",IF(ABS(E13)<=F13,"PASS","REVIEW")))
C14: =IF(A14="","",SUMIFS(Source_Data!$F$5:$F$29,Source_Data!$C$5:$C$29,A14)-SUMIFS(Source_Data!$G$5:$G$29,Source_Data!$C$5:$C$29,A14)) | E14: =IF(A14="","",C14-D14) | G14: =IF(A14="","",IF(OR(D14="",F14=""),"NOT READY",IF(ABS(E14)<=F14,"PASS","REVIEW")))
C15: =IF(A15="","",SUMIFS(Source_Data!$F$5:$F$29,Source_Data!$C$5:$C$29,A15)-SUMIFS(Source_Data!$G$5:$G$29,Source_Data!$C$5:$C$29,A15)) | E15: =IF(A15="","",C15-D15) | G15: =IF(A15="","",IF(OR(D15="",F15=""),"NOT READY",IF(ABS(E15)<=F15,"PASS","REVIEW")))
C16: =IF(A16="","",SUMIFS(Source_Data!$F$5:$F$29,Source_Data!$C$5:$C$29,A16)-SUMIFS(Source_Data!$G$5:$G$29,Source_Data!$C$5:$C$29,A16)) | E16: =IF(A16="","",C16-D16) | G16: =IF(A16="","",IF(OR(D16="",F16=""),"NOT READY",IF(ABS(E16)<=F16,"PASS","REVIEW")))
... C24: =IF(A24="","",SUMIFS(Source_Data!$F$5:$F$29,Source_Data!$C$5:$C$29,A24)-SUMIFS(Source_Data!$G$5:$G$29,Source_Data!$C$5:$C$29,A24)) | E24: =IF(A24="","",C24-D24) | G24: =IF(A24="","",IF(OR(D24="",F24=""),"NOT READY",IF(ABS(E24)<=F24,"PASS","REVIEW")))

Sheet Proposed_Entries
A1: Proposed Entries
A2: Build entries only from resolved reconciliation differences and authorized adjustments.
A4: Entry ID | B4: Account Code | C4: Description | D4: Debit | E4: Credit | F4: Source Reference | G4: Preparation Status | H4: Review Note

Sheet Prior_Period
A1: Prior Period Comparison
A2: Optional comparison layer; prior-period data is contextual and must not override current authority.
A4: Account Code | B4: Current Balance | C4: Prior Balance | D4: Change | E4: Context Note
D5: =B5-C5 -> 0
D6: =B6-C6 -> 0
D7: =B7-C7 -> 0
D8: =B8-C8 -> 0
D9: =B9-C9 -> 0
D10: =B10-C10 -> 0
D11: =B11-C11 -> 0
D12: =B12-C12 -> 0
D13: =B13-C13 -> 0
D14: =B14-C14 -> 0
D15: =B15-C15 -> 0
D16: =B16-C16 -> 0
... D24: =B24-C24 -> 0

Sheet Exceptions
A1: Exception Log
A2: Record only workflow-supported exceptions. Questions do not supply their own resolution.
A4: Exception ID | B4: Detected In | C4: Question / Condition | D4: Authority Class | E4: Owner Role | F4: Due Date | G4: Status | H4: Resolution Reference

Sheet Checks
A1: Control Checks
A2: PASS indicates internal workbook checks only; it is not evidence of approval or release.
A4: Check | B4: Result | C4: Delta / Count | D4: Where to fix
A5: Source rows complete | B5: =IF(SUMPRODUCT(--(((Source_Data!$A$5:$A$29<>"")+(Source_Data!$B$5:$B$29<>"")+(Source_Data!$C$5:$C$29<>"")+(Source_Data!$D$5:$D$29<>"")+(Source_Data!$E$5:$E$29<>"")+(Source_Data!$F$5:$F$29<>"")+(Source_Data!$G$5:$G$29<>"")+(Source_Data!$H$5:$H$29<>""))>0))=0,"NOT READY",IF(C5=0,"PASS","FAIL")) -> NOT READY | C5: =SUMPRODUCT(--(((Source_Data!$A$5:$A$29<>"")+(Source_Data!$B$5:$B$29<>"")+(Source_Data!$C$5:$C$29<>"")+(Source_Data!$D$5:$D$29<>"")+(Source_Data!$E$5:$E$29<>"")+(Source_Data!$F$5:$F$29<>"")+(Source_Data!$G$5:$G$29<>"")+(Source_Data!$H$5:$H$29<>""))>0))-SUMPRODUCT(--(Source_Data!$A$5:$A$29<>""),--(Source_Data!$B$5:$B$29<>""),--(Source_Data!$C$5:$C$29<>""),--ISNUMBER(Source_Data!$D$5:$D$29),--(Source_Data!$E$5:$E$29<>""),--ISNUMBER(Source_Data!$F$5:$F$29),--ISNUMBER(Source_Data!$G$5:$G$29),--(Source_Data!$H$5:$H$29<>"")) -> 0 | D5: Source_Data
A6: Source activity is nonzero | B6: =IF(B5<>"PASS","NOT READY",IF(C6>0,"PASS","FAIL")) -> NOT READY | C6: =SUMPRODUCT(IFERROR(ABS(Source_Data!$F$5:$F$29),0))+SUMPRODUCT(IFERROR(ABS(Source_Data!$G$5:$G$29),0)) -> 0 | D6: Source_Data
A7: Source debits equal source credits | B7: =IF(B5<>"PASS","NOT READY",IF(ABS(C7)<0.005,"PASS","FAIL")) -> NOT READY | C7: =SUM(Source_Data!$F$5:$F$29)-SUM(Source_Data!$G$5:$G$29) -> 0 | D7: Source_Data
A8: Account mapping rows complete | B8: =IF(SUMPRODUCT(--(((Account_Map!$A$5:$A$29<>"")+(Account_Map!$B$5:$B$29<>"")+(Account_Map!$C$5:$C$29<>"")+(Account_Map!$D$5:$D$29<>"")+(Account_Map!$E$5:$E$29<>""))>0))=0,"NOT READY",IF(C8=0,"PASS","FAIL")) -> NOT READY | C8: =SUMPRODUCT(--(((Account_Map!$A$5:$A$29<>"")+(Account_Map!$B$5:$B$29<>"")+(Account_Map!$C$5:$C$29<>"")+(Account_Map!$D$5:$D$29<>"")+(Account_Map!$E$5:$E$29<>""))>0))-SUMPRODUCT(--(Account_Map!$A$5:$A$29<>""),--(Account_Map!$B$5:$B$29<>""),--(Account_Map!$C$5:$C$29<>""),--(Account_Map!$D$5:$D$29<>""),--(((Account_Map!$E$5:$E$29="Yes")+(Account_Map!$E$5:$E$29="No"))>0)) -> 0 | D8: Account_Map
A9: Reconciliation inputs complete and passing | B9: =IF(SUMPRODUCT(--(((Reconciliation!$A$5:$A$24<>"")+(Reconciliation!$B$5:$B$24<>"")+(Reconciliation!$D$5:$D$24<>"")+(Reconciliation!$F$5:$F$24<>"")+(Reconciliation!$H$5:$H$24<>""))>0))=0,"NOT READY",IF(C9=0,"PASS","FAIL")) -> NOT READY | C9: =SUMPRODUCT(--(((Reconciliation!$A$5:$A$24<>"")+(Reconciliation!$B$5:$B$24<>"")+(Reconciliation!$D$5:$D$24<>"")+(Reconciliation!$F$5:$F$24<>"")+(Reconciliation!$H$5:$H$24<>""))>0))-SUMPRODUCT(--(Reconciliation!$A$5:$A$24<>""),--(Reconciliation!$B$5:$B$24<>""),--ISNUMBER(Reconciliation!$D$5:$D$24),--ISNUMBER(Reconciliation!$F$5:$F$24),--(Reconciliation!$G$5:$G$24="PASS")) -> 0 | D9: Reconciliation
A10: Proposed entries balanced when present | B10: =IF(COUNTA(Proposed_Entries!$A$5:$A$19)=0,"NOT APPLICABLE",IF(ABS(C10)<0.005,"PASS","FAIL")) -> NOT APPLICABLE | C10: =SUM(Proposed_Entries!$D$5:$D$19)-SUM(Proposed_Entries!$E$5:$E$19) -> 0 | D10: Proposed_Entries
A11: No open exceptions | B11: =IF(B9<>"PASS","NOT READY",IF(C11=0,"PASS","FAIL")) -> NOT READY | C11: =COUNTIF(Exceptions!$G$5:$G$19,"Open") -> 0 | D11: Exceptions
A12: Required close fields populated | B12: =IF(C12=0,"PASS","NOT READY") -> NOT READY | C12: =IF(OR(COUNTBLANK(Close_Control!B5:B8)>0,LEFT(Close_Control!B5,1)="{",LEFT(Close_Control!B6,1)="{",LEFT(Close_Control!B7,1)="{",LEFT(Close_Control!B8,1)="{"),1,0) -> 1 | D12: Close_Control
A13: No out-of-capacity data | B13: =IF(C13=0,"PASS","FAIL") -> PASS | C13: =COUNTA(INDIRECT("'Source_Data'!A30:H1048576"))+COUNTA(INDIRECT("'Account_Map'!A30:E1048576"))+COUNTA(INDIRECT("'Reconciliation'!A25:H1048576"))+COUNTA(INDIRECT("'Proposed_Entries'!A20:H1048576"))+COUNTA(INDIRECT("'Prior_Period'!A25:E1048576"))+COUNTA(INDIRECT("'Exceptions'!A20:H1048576")) -> 0 | D13: All bounded tables
A15: MODEL STATUS | B15: Formula
A16: Status | B16: =IF(COUNTIF(B5:B13,"FAIL")>0,"FAIL",IF(COUNTIF(B5:B13,"NOT READY")>0,"NOT READY","PASS")) -> NOT READY
